14092026222418, 4762, "HP copy paper ultra white - ream", 13.50, 30, 0.2, $324.00, September 14, 2026, 10:24:18 PM EDT
14092026222418, 19981, "Pledge furniture polish 13oz", 6.50, 1, 0.0, $6.50, September 14, 2026, 10:24:18 PM EDT
14092026222418, RTX3452, "Laser Pointer", 38.80, 2, 0.0, $77.60, September 14, 2026, 10:24:18 PM EDT
14092026222418, 47831, "8x10 picture frame", 4.95, 200, 0.2, $792.00, September 14, 2026, 10:24:18 PM EDT
14092026222418, 113355, "The Bourne Identity - blu-ray", 15.95, 5, 0.1, $71.78, September 14, 2026, 10:24:18 PM EDT
14092026222418, 4762, "HP copy paper ultra white - ream", 13.50, 30, 0.2, $324.00, September 14, 2026, 10:24:18 PM EDT
14092026222418, 19981, "Pledge furniture polish 13oz", 6.50, 1, 0.0, $6.50, September 14, 2026, 10:24:18 PM EDT
14092026222418, RTX3452, "Laser Pointer", 38.80, 2, 0.0, $77.60, September 14, 2026, 10:24:18 PM EDT
14092026222418, 47831, "8x10 picture frame", 4.95, 200, 0.2, $792.00, September 14, 2026, 10:24:18 PM EDT
14092026222418, 113355, "The Bourne Identity - blu-ray", 15.95, 5, 0.1, $71.78, September 14, 2026, 10:24:18 PM EDT
14092026222418, 4762, "HP copy paper ultra white - ream", 13.50, 30, 0.2, $324.00, September 14, 2026, 10:24:18 PM EDT
14092026222418, 19981, "Pledge furniture polish 13oz", 6.50, 1, 0.0, $6.50, September 14, 2026, 10:24:18 PM EDT
14092026222418, RTX3452, "Laser Pointer", 38.80, 2, 0.0, $77.60, September 14, 2026, 10:24:18 PM EDT
14092026222418, 47831, "8x10 picture frame", 4.95, 200, 0.2, $792.00, September 14, 2026, 10:24:18 PM EDT
14092026222418, 113355, "The Bourne Identity - blu-ray", 15.95, 5, 0.1, $71.78, September 14, 2026, 10:24:18 PM EDT
14092026222418, 4762, "HP copy paper ultra white - ream", 13.50, 30, 0.2, $324.00, September 14, 2026, 10:24:18 PM EDT
14092026222418, 19981, "Pledge furniture polish 13oz", 6.50, 1, 0.0, $6.50, September 14, 2026, 10:24:18 PM EDT
14092026222418, RTX3452, "Laser Pointer", 38.80, 2, 0.0, $77.60, September 14, 2026, 10:24:18 PM EDT
14092026222418, 47831, "8x10 picture frame", 4.95, 200, 0.2, $792.00, September 14, 2026, 10:24:18 PM EDT
14092026222418, 113355, "The Bourne Identity - blu-ray", 15.95, 5, 0.1, $71.78, September 14, 2026, 10:24:18 PM EDT
14092026222418, 4762, "HP copy paper ultra white - ream", 13.50, 30, 0.2, $324.00, September 14, 2026, 10:24:18 PM EDT
14092026222418, 19981, "Pledge furniture polish 13oz", 6.50, 1, 0.0, $6.50, September 14, 2026, 10:24:18 PM EDT
14092026222418, RTX3452, "Laser Pointer", 38.80, 2, 0.0, $77.60, September 14, 2026, 10:24:18 PM EDT
14092026222418, 47831, "8x10 picture frame", 4.95, 200, 0.2, $792.00, September 14, 2026, 10:24:18 PM EDT
14092026222418, 113355, "The Bourne Identity - blu-ray", 15.95, 5, 0.1, $71.78, September 14, 2026, 10:24:18 PM EDT
14092026223050, 286934, "1 lb - coffee beans", 6.50, 10, 0.2, $55.25, September 14, 2026, 10:30:50 PM EDT
14092026223050, SPCWORX, "Specialized S-Works Tarmac SL9 SD-Worx", 5999.99, 1, 0.0, $5999.99, September 14, 2026, 10:30:50 PM EDT
14092026223050, 47831, "8x10 picture frame", 4.95, 1000, 0.2, $3960.00, September 14, 2026, 10:30:50 PM EDT
14092026223050, 29741, "Plush teddy bear 8 inch", 24.00, 1, 0.0, $24.00, September 14, 2026, 10:30:50 PM EDT
14092026223050, RTX3452, "Laser Pointer", 38.80, 2, 0.0, $77.60, September 14, 2026, 10:30:50 PM EDT
14092026224132, 85456, "Campagnolo 12 spd rear der", 350.00, 1, 0.0, $350.00, September 14, 2026, 10:41:32 PM EDT
14092026224132, 286934, "1 lb - coffee beans", 6.50, 35, 0.2, $182.00, September 14, 2026, 10:41:32 PM EDT
14092026224149, 115694, "Colnago V3RS - UAE frame", 8500.00, 1, 0.0, $8500.00, September 14, 2026, 10:41:49 PM EDT
14092026224233, 298765, "3x5 index cards - 100 count", 2.25, 144, 0.2, $259.20, September 14, 2026, 10:42:33 PM EDT
14092026224233, 3451, "Oakley Jawbreaker sunglasses", 236.00, 4, 0.0, $944.00, September 14, 2026, 10:42:33 PM EDT
14092026224233, 2190, "Hefty 30 gal with handles - box 40", 19.00, 54, 0.2, $820.80, September 14, 2026, 10:42:33 PM EDT
14092026224233, 455654, "Park Tool 8mm threaded hook", 6.95, 4, 0.0, $27.80, September 14, 2026, 10:42:33 PM EDT
14092026225544, 22345532, "3 ft mini USB cable M-F", 4.50, 2, 0.0, $9.00, September 14, 2026, 10:55:44 PM EDT
14092026225544, 556622, "Trek Madone SRL Gen 8", 5500.00, 4, 0.0, $22000.00, September 14, 2026, 10:55:44 PM EDT
